"ref_area.label","source.label","indicator.label","sex.label","classif1.label","time","obs_value","obs_status.label"
"Sub-Saharan Africa","ILO - Modelled Estimates","Labour force participation rate by sex and age -- ILO modelled estimates, Nov. 2025 (%)","Total","Age (Youth, adults): 15+","2026",70.257,
"Sub-Saharan Africa","ILO - Modelled Estimates","Labour force participation rate by sex and age -- ILO modelled estimates, Nov. 2025 (%)","Total","Age (Youth, adults): 15-64","2026",71.554,
"Sub-Saharan Africa","ILO - Modelled Estimates","Labour force participation rate by sex and age -- ILO modelled estimates, Nov. 2025 (%)","Total","Age (Youth, adults): 15-24","2026",51.381,
"Sub-Saharan Africa","ILO - Modelled Estimates","Labour force participation rate by sex and age -- ILO modelled estimates, Nov. 2025 (%)","Total","Age (Youth, adults): 25+","2026",79.936,
"Sub-Saharan Africa","ILO - Modelled Estimates","Labour force participation rate by sex and age -- ILO modelled estimates, Nov. 2025 (%)","Male","Age (Youth, adults): 15+","2026",75.502,
"Sub-Saharan Africa","ILO - Modelled Estimates","Labour force participation rate by sex and age -- ILO modelled estimates, Nov. 2025 (%)","Male","Age (Youth, adults): 15-64","2026",76.426,
"Sub-Saharan Africa","ILO - Modelled Estimates","Labour force participation rate by sex and age -- ILO modelled estimates, Nov. 2025 (%)","Male","Age (Youth, adults): 15-24","2026",53.375,
"Sub-Saharan Africa","ILO - Modelled Estimates","Labour force participation rate by sex and age -- ILO modelled estimates, Nov. 2025 (%)","Male","Age (Youth, adults): 25+","2026",87.189,
"Sub-Saharan Africa","ILO - Modelled Estimates","Labour force participation rate by sex and age -- ILO modelled estimates, Nov. 2025 (%)","Female","Age (Youth, adults): 15+","2026",65.131,
"Sub-Saharan Africa","ILO - Modelled Estimates","Labour force participation rate by sex and age -- ILO modelled estimates, Nov. 2025 (%)","Female","Age (Youth, adults): 15-64","2026",66.73,
"Sub-Saharan Africa","ILO - Modelled Estimates","Labour force participation rate by sex and age -- ILO modelled estimates, Nov. 2025 (%)","Female","Age (Youth, adults): 15-24","2026",49.356,
"Sub-Saharan Africa","ILO - Modelled Estimates","Labour force participation rate by sex and age -- ILO modelled estimates, Nov. 2025 (%)","Female","Age (Youth, adults): 25+","2026",72.989,
"Sub-Saharan Africa","ILO - Modelled Estimates","Labour force participation rate by sex and age -- ILO modelled estimates, Nov. 2025 (%)","Total","Age (Aggregate bands): 15+","2026",70.257,
"Sub-Saharan Africa","ILO - Modelled Estimates","Labour force participation rate by sex and age -- ILO modelled estimates, Nov. 2025 (%)","Total","Age (Aggregate bands): 15-24","2026",51.381,
"Sub-Saharan Africa","ILO - Modelled Estimates","Labour force participation rate by sex and age -- ILO modelled estimates, Nov. 2025 (%)","Total","Age (Aggregate bands): 25-54","2026",83.805,
"Sub-Saharan Africa","ILO - Modelled Estimates","Labour force participation rate by sex and age -- ILO modelled estimates, Nov. 2025 (%)","Total","Age (Aggregate bands): 55-64","2026",75.478,
"Sub-Saharan Africa","ILO - Modelled Estimates","Labour force participation rate by sex and age -- ILO modelled estimates, Nov. 2025 (%)","Total","Age (Aggregate bands): 65+","2026",47.719,
"Sub-Saharan Africa","ILO - Modelled Estimates","Labour force participation rate by sex and age -- ILO modelled estimates, Nov. 2025 (%)","Male","Age (Aggregate bands): 15+","2026",75.502,
"Sub-Saharan Africa","ILO - Modelled Estimates","Labour force participation rate by sex and age -- ILO modelled estimates, Nov. 2025 (%)","Male","Age (Aggregate bands): 15-24","2026",53.375,
"Sub-Saharan Africa","ILO - Modelled Estimates","Labour force participation rate by sex and age -- ILO modelled estimates, Nov. 2025 (%)","Male","Age (Aggregate bands): 25-54","2026",90.376,
"Sub-Saharan Africa","ILO - Modelled Estimates","Labour force participation rate by sex and age -- ILO modelled estimates, Nov. 2025 (%)","Male","Age (Aggregate bands): 55-64","2026",83.208,
"Sub-Saharan Africa","ILO - Modelled Estimates","Labour force participation rate by sex and age -- ILO modelled estimates, Nov. 2025 (%)","Male","Age (Aggregate bands): 65+","2026",57.212,
"Sub-Saharan Africa","ILO - Modelled Estimates","Labour force participation rate by sex and age -- ILO modelled estimates, Nov. 2025 (%)","Female","Age (Aggregate bands): 15+","2026",65.131,
"Sub-Saharan Africa","ILO - Modelled Estimates","Labour force participation rate by sex and age -- ILO modelled estimates, Nov. 2025 (%)","Female","Age (Aggregate bands): 15-24","2026",49.356,
"Sub-Saharan Africa","ILO - Modelled Estimates","Labour force participation rate by sex and age -- ILO modelled estimates, Nov. 2025 (%)","Female","Age (Aggregate bands): 25-54","2026",77.323,
"Sub-Saharan Africa","ILO - Modelled Estimates","Labour force participation rate by sex and age -- ILO modelled estimates, Nov. 2025 (%)","Female","Age (Aggregate bands): 55-64","2026",68.506,
"Sub-Saharan Africa","ILO - Modelled Estimates","Labour force participation rate by sex and age -- ILO modelled estimates, Nov. 2025 (%)","Female","Age (Aggregate bands): 65+","2026",40.356,
"Sub-Saharan Africa","ILO - Modelled Estimates","Labour force participation rate by sex and age -- ILO modelled estimates, Nov. 2025 (%)","Total","Age (Youth, adults): 15+","2025",70.286,
"Sub-Saharan Africa","ILO - Modelled Estimates","Labour force participation rate by sex and age -- ILO modelled estimates, Nov. 2025 (%)","Total","Age (Youth, adults): 15-64","2025",71.571,
"Sub-Saharan Africa","ILO - Modelled Estimates","Labour force participation rate by sex and age -- ILO modelled estimates, Nov. 2025 (%)","Total","Age (Youth, adults): 15-24","2025",51.425,
"Sub-Saharan Africa","ILO - Modelled Estimates","Labour force participation rate by sex and age -- ILO modelled estimates, Nov. 2025 (%)","Total","Age (Youth, adults): 25+","2025",79.986,
"Sub-Saharan Africa","ILO - Modelled Estimates","Labour force participation rate by sex and age -- ILO modelled estimates, Nov. 2025 (%)","Male","Age (Youth, adults): 15+","2025",75.562,
"Sub-Saharan Africa","ILO - Modelled Estimates","Labour force participation rate by sex and age -- ILO modelled estimates, Nov. 2025 (%)","Male","Age (Youth, adults): 15-64","2025",76.475,
"Sub-Saharan Africa","ILO - Modelled Estimates","Labour force participation rate by sex and age -- ILO modelled estimates, Nov. 2025 (%)","Male","Age (Youth, adults): 15-24","2025",53.439,
"Sub-Saharan Africa","ILO - Modelled Estimates","Labour force participation rate by sex and age -- ILO modelled estimates, Nov. 2025 (%)","Male","Age (Youth, adults): 25+","2025",87.282,
"Sub-Saharan Africa","ILO - Modelled Estimates","Labour force participation rate by sex and age -- ILO modelled estimates, Nov. 2025 (%)","Female","Age (Youth, adults): 15+","2025",65.133,
"Sub-Saharan Africa","ILO - Modelled Estimates","Labour force participation rate by sex and age -- ILO modelled estimates, Nov. 2025 (%)","Female","Age (Youth, adults): 15-64","2025",66.719,
"Sub-Saharan Africa","ILO - Modelled Estimates","Labour force participation rate by sex and age -- ILO modelled estimates, Nov. 2025 (%)","Female","Age (Youth, adults): 15-24","2025",49.38,
"Sub-Saharan Africa","ILO - Modelled Estimates","Labour force participation rate by sex and age -- ILO modelled estimates, Nov. 2025 (%)","Female","Age (Youth, adults): 25+","2025",73.001,
"Sub-Saharan Africa","ILO - Modelled Estimates","Labour force participation rate by sex and age -- ILO modelled estimates, Nov. 2025 (%)","Total","Age (Aggregate bands): 15+","2025",70.286,
"Sub-Saharan Africa","ILO - Modelled Estimates","Labour force participation rate by sex and age -- ILO modelled estimates, Nov. 2025 (%)","Total","Age (Aggregate bands): 15-24","2025",51.425,
"Sub-Saharan Africa","ILO - Modelled Estimates","Labour force participation rate by sex and age -- ILO modelled estimates, Nov. 2025 (%)","Total","Age (Aggregate bands): 25-54","2025",83.842,
"Sub-Saharan Africa","ILO - Modelled Estimates","Labour force participation rate by sex and age -- ILO modelled estimates, Nov. 2025 (%)","Total","Age (Aggregate bands): 55-64","2025",75.425,
"Sub-Saharan Africa","ILO - Modelled Estimates","Labour force participation rate by sex and age -- ILO modelled estimates, Nov. 2025 (%)","Total","Age (Aggregate bands): 65+","2025",47.814,
"Sub-Saharan Africa","ILO - Modelled Estimates","Labour force participation rate by sex and age -- ILO modelled estimates, Nov. 2025 (%)","Male","Age (Aggregate bands): 15+","2025",75.562,
"Sub-Saharan Africa","ILO - Modelled Estimates","Labour force participation rate by sex and age -- ILO modelled estimates, Nov. 2025 (%)","Male","Age (Aggregate bands): 15-24","2025",53.439,
"Sub-Saharan Africa","ILO - Modelled Estimates","Labour force participation rate by sex and age -- ILO modelled estimates, Nov. 2025 (%)","Male","Age (Aggregate bands): 25-54","2025",90.451,
"Sub-Saharan Africa","ILO - Modelled Estimates","Labour force participation rate by sex and age -- ILO modelled estimates, Nov. 2025 (%)","Male","Age (Aggregate bands): 55-64","2025",83.24,
"Sub-Saharan Africa","ILO - Modelled Estimates","Labour force participation rate by sex and age -- ILO modelled estimates, Nov. 2025 (%)","Male","Age (Aggregate bands): 65+","2025",57.396,
"Sub-Saharan Africa","ILO - Modelled Estimates","Labour force participation rate by sex and age -- ILO modelled estimates, Nov. 2025 (%)","Female","Age (Aggregate bands): 15+","2025",65.133,
"Sub-Saharan Africa","ILO - Modelled Estimates","Labour force participation rate by sex and age -- ILO modelled estimates, Nov. 2025 (%)","Female","Age (Aggregate bands): 15-24","2025",49.38,
"Sub-Saharan Africa","ILO - Modelled Estimates","Labour force participation rate by sex and age -- ILO modelled estimates, Nov. 2025 (%)","Female","Age (Aggregate bands): 25-54","2025",77.326,
"Sub-Saharan Africa","ILO - Modelled Estimates","Labour force participation rate by sex and age -- ILO modelled estimates, Nov. 2025 (%)","Female","Age (Aggregate bands): 55-64","2025",68.401,
"Sub-Saharan Africa","ILO - Modelled Estimates","Labour force participation rate by sex and age -- ILO modelled estimates, Nov. 2025 (%)","Female","Age (Aggregate bands): 65+","2025",40.379,
"Sub-Saharan Africa","ILO - Modelled Estimates","Labour force participation rate by sex and age -- ILO modelled estimates, Nov. 2025 (%)","Total","Age (Youth, adults): 15+","2024",70.328,
"Sub-Saharan Africa","ILO - Modelled Estimates","Labour force participation rate by sex and age -- ILO modelled estimates, Nov. 2025 (%)","Total","Age (Youth, adults): 15-64","2024",71.601,
"Sub-Saharan Africa","ILO - Modelled Estimates","Labour force participation rate by sex and age -- ILO modelled estimates, Nov. 2025 (%)","Total","Age (Youth, adults): 15-24","2024",51.485,
"Sub-Saharan Africa","ILO - Modelled Estimates","Labour force participation rate by sex and age -- ILO modelled estimates, Nov. 2025 (%)","Total","Age (Youth, adults): 25+","2024",80.036,
"Sub-Saharan Africa","ILO - Modelled Estimates","Labour force participation rate by sex and age -- ILO modelled estimates, Nov. 2025 (%)","Male","Age (Youth, adults): 15+","2024",75.626,
"Sub-Saharan Africa","ILO - Modelled Estimates","Labour force participation rate by sex and age -- ILO modelled estimates, Nov. 2025 (%)","Male","Age (Youth, adults): 15-64","2024",76.527,
"Sub-Saharan Africa","ILO - Modelled Estimates","Labour force participation rate by sex and age -- ILO modelled estimates, Nov. 2025 (%)","Male","Age (Youth, adults): 15-24","2024",53.513,
"Sub-Saharan Africa","ILO - Modelled Estimates","Labour force participation rate by sex and age -- ILO modelled estimates, Nov. 2025 (%)","Male","Age (Youth, adults): 25+","2024",87.362,
"Sub-Saharan Africa","ILO - Modelled Estimates","Labour force participation rate by sex and age -- ILO modelled estimates, Nov. 2025 (%)","Female","Age (Youth, adults): 15+","2024",65.157,
"Sub-Saharan Africa","ILO - Modelled Estimates","Labour force participation rate by sex and age -- ILO modelled estimates, Nov. 2025 (%)","Female","Age (Youth, adults): 15-64","2024",66.731,
"Sub-Saharan Africa","ILO - Modelled Estimates","Labour force participation rate by sex and age -- ILO modelled estimates, Nov. 2025 (%)","Female","Age (Youth, adults): 15-24","2024",49.427,
"Sub-Saharan Africa","ILO - Modelled Estimates","Labour force participation rate by sex and age -- ILO modelled estimates, Nov. 2025 (%)","Female","Age (Youth, adults): 25+","2024",73.028,
"Sub-Saharan Africa","ILO - Modelled Estimates","Labour force participation rate by sex and age -- ILO modelled estimates, Nov. 2025 (%)","Total","Age (Aggregate bands): 15+","2024",70.328,
"Sub-Saharan Africa","ILO - Modelled Estimates","Labour force participation rate by sex and age -- ILO modelled estimates, Nov. 2025 (%)","Total","Age (Aggregate bands): 15-24","2024",51.485,
"Sub-Saharan Africa","ILO - Modelled Estimates","Labour force participation rate by sex and age -- ILO modelled estimates, Nov. 2025 (%)","Total","Age (Aggregate bands): 25-54","2024",83.879,
"Sub-Saharan Africa","ILO - Modelled Estimates","Labour force participation rate by sex and age -- ILO modelled estimates, Nov. 2025 (%)","Total","Age (Aggregate bands): 55-64","2024",75.376,
"Sub-Saharan Africa","ILO - Modelled Estimates","Labour force participation rate by sex and age -- ILO modelled estimates, Nov. 2025 (%)","Total","Age (Aggregate bands): 65+","2024",47.917,
"Sub-Saharan Africa","ILO - Modelled Estimates","Labour force participation rate by sex and age -- ILO modelled estimates, Nov. 2025 (%)","Male","Age (Aggregate bands): 15+","2024",75.626,
"Sub-Saharan Africa","ILO - Modelled Estimates","Labour force participation rate by sex and age -- ILO modelled estimates, Nov. 2025 (%)","Male","Age (Aggregate bands): 15-24","2024",53.513,
"Sub-Saharan Africa","ILO - Modelled Estimates","Labour force participation rate by sex and age -- ILO modelled estimates, Nov. 2025 (%)","Male","Age (Aggregate bands): 25-54","2024",90.513,
"Sub-Saharan Africa","ILO - Modelled Estimates","Labour force participation rate by sex and age -- ILO modelled estimates, Nov. 2025 (%)","Male","Age (Aggregate bands): 55-64","2024",83.263,
"Sub-Saharan Africa","ILO - Modelled Estimates","Labour force participation rate by sex and age -- ILO modelled estimates, Nov. 2025 (%)","Male","Age (Aggregate bands): 65+","2024",57.585,
"Sub-Saharan Africa","ILO - Modelled Estimates","Labour force participation rate by sex and age -- ILO modelled estimates, Nov. 2025 (%)","Female","Age (Aggregate bands): 15+","2024",65.157,
"Sub-Saharan Africa","ILO - Modelled Estimates","Labour force participation rate by sex and age -- ILO modelled estimates, Nov. 2025 (%)","Female","Age (Aggregate bands): 15-24","2024",49.427,
"Sub-Saharan Africa","ILO - Modelled Estimates","Labour force participation rate by sex and age -- ILO modelled estimates, Nov. 2025 (%)","Female","Age (Aggregate bands): 25-54","2024",77.343,
"Sub-Saharan Africa","ILO - Modelled Estimates","Labour force participation rate by sex and age -- ILO modelled estimates, Nov. 2025 (%)","Female","Age (Aggregate bands): 55-64","2024",68.312,
"Sub-Saharan Africa","ILO - Modelled Estimates","Labour force participation rate by sex and age -- ILO modelled estimates, Nov. 2025 (%)","Female","Age (Aggregate bands): 65+","2024",40.41,
"Sub-Saharan Africa","ILO - Modelled Estimates","Labour force participation rate by sex and age -- ILO modelled estimates, Nov. 2025 (%)","Total","Age (Youth, adults): 15+","2023",70.321,
"Sub-Saharan Africa","ILO - Modelled Estimates","Labour force participation rate by sex and age -- ILO modelled estimates, Nov. 2025 (%)","Total","Age (Youth, adults): 15-64","2023",71.566,
"Sub-Saharan Africa","ILO - Modelled Estimates","Labour force participation rate by sex and age -- ILO modelled estimates, Nov. 2025 (%)","Total","Age (Youth, adults): 15-24","2023",51.602,
"Sub-Saharan Africa","ILO - Modelled Estimates","Labour force participation rate by sex and age -- ILO modelled estimates, Nov. 2025 (%)","Total","Age (Youth, adults): 25+","2023",79.983,
"Sub-Saharan Africa","ILO - Modelled Estimates","Labour force participation rate by sex and age -- ILO modelled estimates, Nov. 2025 (%)","Male","Age (Youth, adults): 15+","2023",75.699,
"Sub-Saharan Africa","ILO - Modelled Estimates","Labour force participation rate by sex and age -- ILO modelled estimates, Nov. 2025 (%)","Male","Age (Youth, adults): 15-64","2023",76.576,
"Sub-Saharan Africa","ILO - Modelled Estimates","Labour force participation rate by sex and age -- ILO modelled estimates, Nov. 2025 (%)","Male","Age (Youth, adults): 15-24","2023",53.728,
"Sub-Saharan Africa","ILO - Modelled Estimates","Labour force participation rate by sex and age -- ILO modelled estimates, Nov. 2025 (%)","Male","Age (Youth, adults): 25+","2023",87.382,
"Sub-Saharan Africa","ILO - Modelled Estimates","Labour force participation rate by sex and age -- ILO modelled estimates, Nov. 2025 (%)","Female","Age (Youth, adults): 15+","2023",65.075,
"Sub-Saharan Africa","ILO - Modelled Estimates","Labour force participation rate by sex and age -- ILO modelled estimates, Nov. 2025 (%)","Female","Age (Youth, adults): 15-64","2023",66.616,
"Sub-Saharan Africa","ILO - Modelled Estimates","Labour force participation rate by sex and age -- ILO modelled estimates, Nov. 2025 (%)","Female","Age (Youth, adults): 15-24","2023",49.447,
"Sub-Saharan Africa","ILO - Modelled Estimates","Labour force participation rate by sex and age -- ILO modelled estimates, Nov. 2025 (%)","Female","Age (Youth, adults): 25+","2023",72.909,
"Sub-Saharan Africa","ILO - Modelled Estimates","Labour force participation rate by sex and age -- ILO modelled estimates, Nov. 2025 (%)","Total","Age (Aggregate bands): 15+","2023",70.321,
"Sub-Saharan Africa","ILO - Modelled Estimates","Labour force participation rate by sex and age -- ILO modelled estimates, Nov. 2025 (%)","Total","Age (Aggregate bands): 15-24","2023",51.602,
"Sub-Saharan Africa","ILO - Modelled Estimates","Labour force participation rate by sex and age -- ILO modelled estimates, Nov. 2025 (%)","Total","Age (Aggregate bands): 25-54","2023",83.784,
"Sub-Saharan Africa","ILO - Modelled Estimates","Labour force participation rate by sex and age -- ILO modelled estimates, Nov. 2025 (%)","Total","Age (Aggregate bands): 55-64","2023",75.163,
"Sub-Saharan Africa","ILO - Modelled Estimates","Labour force participation rate by sex and age -- ILO modelled estimates, Nov. 2025 (%)","Total","Age (Aggregate bands): 65+","2023",48.302,
"Sub-Saharan Africa","ILO - Modelled Estimates","Labour force participation rate by sex and age -- ILO modelled estimates, Nov. 2025 (%)","Male","Age (Aggregate bands): 15+","2023",75.699,
"Sub-Saharan Africa","ILO - Modelled Estimates","Labour force participation rate by sex and age -- ILO modelled estimates, Nov. 2025 (%)","Male","Age (Aggregate bands): 15-24","2023",53.728,
"Sub-Saharan Africa","ILO - Modelled Estimates","Labour force participation rate by sex and age -- ILO modelled estimates, Nov. 2025 (%)","Male","Age (Aggregate bands): 25-54","2023",90.498,
"Sub-Saharan Africa","ILO - Modelled Estimates","Labour force participation rate by sex and age -- ILO modelled estimates, Nov. 2025 (%)","Male","Age (Aggregate bands): 55-64","2023",83.109,
"Sub-Saharan Africa","ILO - Modelled Estimates","Labour force participation rate by sex and age -- ILO modelled estimates, Nov. 2025 (%)","Male","Age (Aggregate bands): 65+","2023",58.082,
"Sub-Saharan Africa","ILO - Modelled Estimates","Labour force participation rate by sex and age -- ILO modelled estimates, Nov. 2025 (%)","Female","Age (Aggregate bands): 15+","2023",65.075,
"Sub-Saharan Africa","ILO - Modelled Estimates","Labour force participation rate by sex and age -- ILO modelled estimates, Nov. 2025 (%)","Female","Age (Aggregate bands): 15-24","2023",49.447,
"Sub-Saharan Africa","ILO - Modelled Estimates","Labour force participation rate by sex and age -- ILO modelled estimates, Nov. 2025 (%)","Female","Age (Aggregate bands): 25-54","2023",77.172,
"Sub-Saharan Africa","ILO - Modelled Estimates","Labour force participation rate by sex and age -- ILO modelled estimates, Nov. 2025 (%)","Female","Age (Aggregate bands): 55-64","2023",68.072,
"Sub-Saharan Africa","ILO - Modelled Estimates","Labour force participation rate by sex and age -- ILO modelled estimates, Nov. 2025 (%)","Female","Age (Aggregate bands): 65+","2023",40.702,
"Sub-Saharan Africa","ILO - Modelled Estimates","Labour force participation rate by sex and age -- ILO modelled estimates, Nov. 2025 (%)","Total","Age (Youth, adults): 15+","2022",69.88,
"Sub-Saharan Africa","ILO - Modelled Estimates","Labour force participation rate by sex and age -- ILO modelled estimates, Nov. 2025 (%)","Total","Age (Youth, adults): 15-64","2022",71.098,
"Sub-Saharan Africa","ILO - Modelled Estimates","Labour force participation rate by sex and age -- ILO modelled estimates, Nov. 2025 (%)","Total","Age (Youth, adults): 15-24","2022",51.356,
"Sub-Saharan Africa","ILO - Modelled Estimates","Labour force participation rate by sex and age -- ILO modelled estimates, Nov. 2025 (%)","Total","Age (Youth, adults): 25+","2022",79.46,
"Sub-Saharan Africa","ILO - Modelled Estimates","Labour force participation rate by sex and age -- ILO modelled estimates, Nov. 2025 (%)","Male","Age (Youth, adults): 15+","2022",75.797,
"Sub-Saharan Africa","ILO - Modelled Estimates","Labour force participation rate by sex and age -- ILO modelled estimates, Nov. 2025 (%)","Male","Age (Youth, adults): 15-64","2022",76.659,
"Sub-Saharan Africa","ILO - Modelled Estimates","Labour force participation rate by sex and age -- ILO modelled estimates, Nov. 2025 (%)","Male","Age (Youth, adults): 15-24","2022",54.332,
"Sub-Saharan Africa","ILO - Modelled Estimates","Labour force participation rate by sex and age -- ILO modelled estimates, Nov. 2025 (%)","Male","Age (Youth, adults): 25+","2022",87.234,
"Sub-Saharan Africa","ILO - Modelled Estimates","Labour force participation rate by sex and age -- ILO modelled estimates, Nov. 2025 (%)","Female","Age (Youth, adults): 15+","2022",64.111,
"Sub-Saharan Africa","ILO - Modelled Estimates","Labour force participation rate by sex and age -- ILO modelled estimates, Nov. 2025 (%)","Female","Age (Youth, adults): 15-64","2022",65.607,
"Sub-Saharan Africa","ILO - Modelled Estimates","Labour force participation rate by sex and age -- ILO modelled estimates, Nov. 2025 (%)","Female","Age (Youth, adults): 15-24","2022",48.339,
"Sub-Saharan Africa","ILO - Modelled Estimates","Labour force participation rate by sex and age -- ILO modelled estimates, Nov. 2025 (%)","Female","Age (Youth, adults): 25+","2022",72.032,
"Sub-Saharan Africa","ILO - Modelled Estimates","Labour force participation rate by sex and age -- ILO modelled estimates, Nov. 2025 (%)","Total","Age (Aggregate bands): 15+","2022",69.88,
"Sub-Saharan Africa","ILO - Modelled Estimates","Labour force participation rate by sex and age -- ILO modelled estimates, Nov. 2025 (%)","Total","Age (Aggregate bands): 15-24","2022",51.356,
"Sub-Saharan Africa","ILO - Modelled Estimates","Labour force participation rate by sex and age -- ILO modelled estimates, Nov. 2025 (%)","Total","Age (Aggregate bands): 25-54","2022",83.197,
"Sub-Saharan Africa","ILO - Modelled Estimates","Labour force participation rate by sex and age -- ILO modelled estimates, Nov. 2025 (%)","Total","Age (Aggregate bands): 55-64","2022",74.667,
"Sub-Saharan Africa","ILO - Modelled Estimates","Labour force participation rate by sex and age -- ILO modelled estimates, Nov. 2025 (%)","Total","Age (Aggregate bands): 65+","2022",48.239,
"Sub-Saharan Africa","ILO - Modelled Estimates","Labour force participation rate by sex and age -- ILO modelled estimates, Nov. 2025 (%)","Male","Age (Aggregate bands): 15+","2022",75.797,
"Sub-Saharan Africa","ILO - Modelled Estimates","Labour force participation rate by sex and age -- ILO modelled estimates, Nov. 2025 (%)","Male","Age (Aggregate bands): 15-24","2022",54.332,
"Sub-Saharan Africa","ILO - Modelled Estimates","Labour force participation rate by sex and age -- ILO modelled estimates, Nov. 2025 (%)","Male","Age (Aggregate bands): 25-54","2022",90.275,
"Sub-Saharan Africa","ILO - Modelled Estimates","Labour force participation rate by sex and age -- ILO modelled estimates, Nov. 2025 (%)","Male","Age (Aggregate bands): 55-64","2022",83.147,
"Sub-Saharan Africa","ILO - Modelled Estimates","Labour force participation rate by sex and age -- ILO modelled estimates, Nov. 2025 (%)","Male","Age (Aggregate bands): 65+","2022",58.404,
"Sub-Saharan Africa","ILO - Modelled Estimates","Labour force participation rate by sex and age -- ILO modelled estimates, Nov. 2025 (%)","Female","Age (Aggregate bands): 15+","2022",64.111,
"Sub-Saharan Africa","ILO - Modelled Estimates","Labour force participation rate by sex and age -- ILO modelled estimates, Nov. 2025 (%)","Female","Age (Aggregate bands): 15-24","2022",48.339,
"Sub-Saharan Africa","ILO - Modelled Estimates","Labour force participation rate by sex and age -- ILO modelled estimates, Nov. 2025 (%)","Female","Age (Aggregate bands): 25-54","2022",76.231,
"Sub-Saharan Africa","ILO - Modelled Estimates","Labour force participation rate by sex and age -- ILO modelled estimates, Nov. 2025 (%)","Female","Age (Aggregate bands): 55-64","2022",67.126,
"Sub-Saharan Africa","ILO - Modelled Estimates","Labour force participation rate by sex and age -- ILO modelled estimates, Nov. 2025 (%)","Female","Age (Aggregate bands): 65+","2022",40.331,
"Sub-Saharan Africa","ILO - Modelled Estimates","Labour force participation rate by sex and age -- ILO modelled estimates, Nov. 2025 (%)","Total","Age (Youth, adults): 15+","2021",69.33,
"Sub-Saharan Africa","ILO - Modelled Estimates","Labour force participation rate by sex and age -- ILO modelled estimates, Nov. 2025 (%)","Total","Age (Youth, adults): 15-64","2021",70.502,
"Sub-Saharan Africa","ILO - Modelled Estimates","Labour force participation rate by sex and age -- ILO modelled estimates, Nov. 2025 (%)","Total","Age (Youth, adults): 15-24","2021",50.806,
"Sub-Saharan Africa","ILO - Modelled Estimates","Labour force participation rate by sex and age -- ILO modelled estimates, Nov. 2025 (%)","Total","Age (Youth, adults): 25+","2021",78.926,
"Sub-Saharan Africa","ILO - Modelled Estimates","Labour force participation rate by sex and age -- ILO modelled estimates, Nov. 2025 (%)","Male","Age (Youth, adults): 15+","2021",75.254,
"Sub-Saharan Africa","ILO - Modelled Estimates","Labour force participation rate by sex and age -- ILO modelled estimates, Nov. 2025 (%)","Male","Age (Youth, adults): 15-64","2021",76.094,
"Sub-Saharan Africa","ILO - Modelled Estimates","Labour force participation rate by sex and age -- ILO modelled estimates, Nov. 2025 (%)","Male","Age (Youth, adults): 15-24","2021",53.625,
"Sub-Saharan Africa","ILO - Modelled Estimates","Labour force participation rate by sex and age -- ILO modelled estimates, Nov. 2025 (%)","Male","Age (Youth, adults): 25+","2021",86.801,
"Sub-Saharan Africa","ILO - Modelled Estimates","Labour force participation rate by sex and age -- ILO modelled estimates, Nov. 2025 (%)","Female","Age (Youth, adults): 15+","2021",63.557,
"Sub-Saharan Africa","ILO - Modelled Estimates","Labour force participation rate by sex and age -- ILO modelled estimates, Nov. 2025 (%)","Female","Age (Youth, adults): 15-64","2021",64.985,
"Sub-Saharan Africa","ILO - Modelled Estimates","Labour force participation rate by sex and age -- ILO modelled estimates, Nov. 2025 (%)","Female","Age (Youth, adults): 15-24","2021",47.949,
"Sub-Saharan Africa","ILO - Modelled Estimates","Labour force participation rate by sex and age -- ILO modelled estimates, Nov. 2025 (%)","Female","Age (Youth, adults): 25+","2021",71.407,
"Sub-Saharan Africa","ILO - Modelled Estimates","Labour force participation rate by sex and age -- ILO modelled estimates, Nov. 2025 (%)","Total","Age (Aggregate bands): 15+","2021",69.33,
"Sub-Saharan Africa","ILO - Modelled Estimates","Labour force participation rate by sex and age -- ILO modelled estimates, Nov. 2025 (%)","Total","Age (Aggregate bands): 15-24","2021",50.806,
"Sub-Saharan Africa","ILO - Modelled Estimates","Labour force participation rate by sex and age -- ILO modelled estimates, Nov. 2025 (%)","Total","Age (Aggregate bands): 25-54","2021",82.523,
"Sub-Saharan Africa","ILO - Modelled Estimates","Labour force participation rate by sex and age -- ILO modelled estimates, Nov. 2025 (%)","Total","Age (Aggregate bands): 55-64","2021",74.585,
"Sub-Saharan Africa","ILO - Modelled Estimates","Labour force participation rate by sex and age -- ILO modelled estimates, Nov. 2025 (%)","Total","Age (Aggregate bands): 65+","2021",48.457,
"Sub-Saharan Africa","ILO - Modelled Estimates","Labour force participation rate by sex and age -- ILO modelled estimates, Nov. 2025 (%)","Male","Age (Aggregate bands): 15+","2021",75.254,
"Sub-Saharan Africa","ILO - Modelled Estimates","Labour force participation rate by sex and age -- ILO modelled estimates, Nov. 2025 (%)","Male","Age (Aggregate bands): 15-24","2021",53.625,
"Sub-Saharan Africa","ILO - Modelled Estimates","Labour force participation rate by sex and age -- ILO modelled estimates, Nov. 2025 (%)","Male","Age (Aggregate bands): 25-54","2021",89.714,
"Sub-Saharan Africa","ILO - Modelled Estimates","Labour force participation rate by sex and age -- ILO modelled estimates, Nov. 2025 (%)","Male","Age (Aggregate bands): 55-64","2021",83.483,
"Sub-Saharan Africa","ILO - Modelled Estimates","Labour force participation rate by sex and age -- ILO modelled estimates, Nov. 2025 (%)","Male","Age (Aggregate bands): 65+","2021",58.295,
"Sub-Saharan Africa","ILO - Modelled Estimates","Labour force participation rate by sex and age -- ILO modelled estimates, Nov. 2025 (%)","Female","Age (Aggregate bands): 15+","2021",63.557,
"Sub-Saharan Africa","ILO - Modelled Estimates","Labour force participation rate by sex and age -- ILO modelled estimates, Nov. 2025 (%)","Female","Age (Aggregate bands): 15-24","2021",47.949,
"Sub-Saharan Africa","ILO - Modelled Estimates","Labour force participation rate by sex and age -- ILO modelled estimates, Nov. 2025 (%)","Female","Age (Aggregate bands): 25-54","2021",75.449,
"Sub-Saharan Africa","ILO - Modelled Estimates","Labour force participation rate by sex and age -- ILO modelled estimates, Nov. 2025 (%)","Female","Age (Aggregate bands): 55-64","2021",66.705,
"Sub-Saharan Africa","ILO - Modelled Estimates","Labour force participation rate by sex and age -- ILO modelled estimates, Nov. 2025 (%)","Female","Age (Aggregate bands): 65+","2021",40.798,
"Sub-Saharan Africa","ILO - Modelled Estimates","Labour force participation rate by sex and age -- ILO modelled estimates, Nov. 2025 (%)","Total","Age (Youth, adults): 15+","2020",69.028,
"Sub-Saharan Africa","ILO - Modelled Estimates","Labour force participation rate by sex and age -- ILO modelled estimates, Nov. 2025 (%)","Total","Age (Youth, adults): 15-64","2020",70.186,
"Sub-Saharan Africa","ILO - Modelled Estimates","Labour force participation rate by sex and age -- ILO modelled estimates, Nov. 2025 (%)","Total","Age (Youth, adults): 15-24","2020",50.739,
"Sub-Saharan Africa","ILO - Modelled Estimates","Labour force participation rate by sex and age -- ILO modelled estimates, Nov. 2025 (%)","Total","Age (Youth, adults): 25+","2020",78.52,
"Sub-Saharan Africa","ILO - Modelled Estimates","Labour force participation rate by sex and age -- ILO modelled estimates, Nov. 2025 (%)","Male","Age (Youth, adults): 15+","2020",75.003,
"Sub-Saharan Africa","ILO - Modelled Estimates","Labour force participation rate by sex and age -- ILO modelled estimates, Nov. 2025 (%)","Male","Age (Youth, adults): 15-64","2020",75.809,
"Sub-Saharan Africa","ILO - Modelled Estimates","Labour force participation rate by sex and age -- ILO modelled estimates, Nov. 2025 (%)","Male","Age (Youth, adults): 15-24","2020",53.844,
"Sub-Saharan Africa","ILO - Modelled Estimates","Labour force participation rate by sex and age -- ILO modelled estimates, Nov. 2025 (%)","Male","Age (Youth, adults): 25+","2020",86.323,
"Sub-Saharan Africa","ILO - Modelled Estimates","Labour force participation rate by sex and age -- ILO modelled estimates, Nov. 2025 (%)","Female","Age (Youth, adults): 15+","2020",63.21,
"Sub-Saharan Africa","ILO - Modelled Estimates","Labour force participation rate by sex and age -- ILO modelled estimates, Nov. 2025 (%)","Female","Age (Youth, adults): 15-64","2020",64.642,
"Sub-Saharan Africa","ILO - Modelled Estimates","Labour force participation rate by sex and age -- ILO modelled estimates, Nov. 2025 (%)","Female","Age (Youth, adults): 15-24","2020",47.594,
"Sub-Saharan Africa","ILO - Modelled Estimates","Labour force participation rate by sex and age -- ILO modelled estimates, Nov. 2025 (%)","Female","Age (Youth, adults): 25+","2020",71.077,
"Sub-Saharan Africa","ILO - Modelled Estimates","Labour force participation rate by sex and age -- ILO modelled estimates, Nov. 2025 (%)","Total","Age (Aggregate bands): 15+","2020",69.028,
"Sub-Saharan Africa","ILO - Modelled Estimates","Labour force participation rate by sex and age -- ILO modelled estimates, Nov. 2025 (%)","Total","Age (Aggregate bands): 15-24","2020",50.739,
"Sub-Saharan Africa","ILO - Modelled Estimates","Labour force participation rate by sex and age -- ILO modelled estimates, Nov. 2025 (%)","Total","Age (Aggregate bands): 25-54","2020",82.083,
"Sub-Saharan Africa","ILO - Modelled Estimates","Labour force participation rate by sex and age -- ILO modelled estimates, Nov. 2025 (%)","Total","Age (Aggregate bands): 55-64","2020",74.173,
"Sub-Saharan Africa","ILO - Modelled Estimates","Labour force participation rate by sex and age -- ILO modelled estimates, Nov. 2025 (%)","Total","Age (Aggregate bands): 65+","2020",48.417,
"Sub-Saharan Africa","ILO - Modelled Estimates","Labour force participation rate by sex and age -- ILO modelled estimates, Nov. 2025 (%)","Male","Age (Aggregate bands): 15+","2020",75.003,
"Sub-Saharan Africa","ILO - Modelled Estimates","Labour force participation rate by sex and age -- ILO modelled estimates, Nov. 2025 (%)","Male","Age (Aggregate bands): 15-24","2020",53.844,
"Sub-Saharan Africa","ILO - Modelled Estimates","Labour force participation rate by sex and age -- ILO modelled estimates, Nov. 2025 (%)","Male","Age (Aggregate bands): 25-54","2020",89.21,
"Sub-Saharan Africa","ILO - Modelled Estimates","Labour force participation rate by sex and age -- ILO modelled estimates, Nov. 2025 (%)","Male","Age (Aggregate bands): 55-64","2020",82.587,
"Sub-Saharan Africa","ILO - Modelled Estimates","Labour force participation rate by sex and age -- ILO modelled estimates, Nov. 2025 (%)","Male","Age (Aggregate bands): 65+","2020",58.75,
"Sub-Saharan Africa","ILO - Modelled Estimates","Labour force participation rate by sex and age -- ILO modelled estimates, Nov. 2025 (%)","Female","Age (Aggregate bands): 15+","2020",63.21,
"Sub-Saharan Africa","ILO - Modelled Estimates","Labour force participation rate by sex and age -- ILO modelled estimates, Nov. 2025 (%)","Female","Age (Aggregate bands): 15-24","2020",47.594,
"Sub-Saharan Africa","ILO - Modelled Estimates","Labour force participation rate by sex and age -- ILO modelled estimates, Nov. 2025 (%)","Female","Age (Aggregate bands): 25-54","2020",75.077,
"Sub-Saharan Africa","ILO - Modelled Estimates","Labour force participation rate by sex and age -- ILO modelled estimates, Nov. 2025 (%)","Female","Age (Aggregate bands): 55-64","2020",66.753,
"Sub-Saharan Africa","ILO - Modelled Estimates","Labour force participation rate by sex and age -- ILO modelled estimates, Nov. 2025 (%)","Female","Age (Aggregate bands): 65+","2020",40.351,
"Sub-Saharan Africa","ILO - Modelled Estimates","Labour force participation rate by sex and age -- ILO modelled estimates, Nov. 2025 (%)","Total","Age (Youth, adults): 15+","2019",70.212,
"Sub-Saharan Africa","ILO - Modelled Estimates","Labour force participation rate by sex and age -- ILO modelled estimates, Nov. 2025 (%)","Total","Age (Youth, adults): 15-64","2019",71.398,
"Sub-Saharan Africa","ILO - Modelled Estimates","Labour force participation rate by sex and age -- ILO modelled estimates, Nov. 2025 (%)","Total","Age (Youth, adults): 15-24","2019",51.584,
"Sub-Saharan Africa","ILO - Modelled Estimates","Labour force participation rate by sex and age -- ILO modelled estimates, Nov. 2025 (%)","Total","Age (Youth, adults): 25+","2019",79.904,
"Sub-Saharan Africa","ILO - Modelled Estimates","Labour force participation rate by sex and age -- ILO modelled estimates, Nov. 2025 (%)","Male","Age (Youth, adults): 15+","2019",76.125,
"Sub-Saharan Africa","ILO - Modelled Estimates","Labour force participation rate by sex and age -- ILO modelled estimates, Nov. 2025 (%)","Male","Age (Youth, adults): 15-64","2019",76.947,
"Sub-Saharan Africa","ILO - Modelled Estimates","Labour force participation rate by sex and age -- ILO modelled estimates, Nov. 2025 (%)","Male","Age (Youth, adults): 15-24","2019",54.486,
"Sub-Saharan Africa","ILO - Modelled Estimates","Labour force participation rate by sex and age -- ILO modelled estimates, Nov. 2025 (%)","Male","Age (Youth, adults): 25+","2019",87.734,
"Sub-Saharan Africa","ILO - Modelled Estimates","Labour force participation rate by sex and age -- ILO modelled estimates, Nov. 2025 (%)","Female","Age (Youth, adults): 15+","2019",64.458,
"Sub-Saharan Africa","ILO - Modelled Estimates","Labour force participation rate by sex and age -- ILO modelled estimates, Nov. 2025 (%)","Female","Age (Youth, adults): 15-64","2019",65.933,
"Sub-Saharan Africa","ILO - Modelled Estimates","Labour force participation rate by sex and age -- ILO modelled estimates, Nov. 2025 (%)","Female","Age (Youth, adults): 15-24","2019",48.645,
"Sub-Saharan Africa","ILO - Modelled Estimates","Labour force participation rate by sex and age -- ILO modelled estimates, Nov. 2025 (%)","Female","Age (Youth, adults): 25+","2019",72.442,
"Sub-Saharan Africa","ILO - Modelled Estimates","Labour force participation rate by sex and age -- ILO modelled estimates, Nov. 2025 (%)","Total","Age (Aggregate bands): 15+","2019",70.212,
"Sub-Saharan Africa","ILO - Modelled Estimates","Labour force participation rate by sex and age -- ILO modelled estimates, Nov. 2025 (%)","Total","Age (Aggregate bands): 15-24","2019",51.584,
"Sub-Saharan Africa","ILO - Modelled Estimates","Labour force participation rate by sex and age -- ILO modelled estimates, Nov. 2025 (%)","Total","Age (Aggregate bands): 25-54","2019",83.569,
"Sub-Saharan Africa","ILO - Modelled Estimates","Labour force participation rate by sex and age -- ILO modelled estimates, Nov. 2025 (%)","Total","Age (Aggregate bands): 55-64","2019",75.29,
"Sub-Saharan Africa","ILO - Modelled Estimates","Labour force participation rate by sex and age -- ILO modelled estimates, Nov. 2025 (%)","Total","Age (Aggregate bands): 65+","2019",49.063,
"Sub-Saharan Africa","ILO - Modelled Estimates","Labour force participation rate by sex and age -- ILO modelled estimates, Nov. 2025 (%)","Male","Age (Aggregate bands): 15+","2019",76.125,
"Sub-Saharan Africa","ILO - Modelled Estimates","Labour force participation rate by sex and age -- ILO modelled estimates, Nov. 2025 (%)","Male","Age (Aggregate bands): 15-24","2019",54.486,
"Sub-Saharan Africa","ILO - Modelled Estimates","Labour force participation rate by sex and age -- ILO modelled estimates, Nov. 2025 (%)","Male","Age (Aggregate bands): 25-54","2019",90.669,
"Sub-Saharan Africa","ILO - Modelled Estimates","Labour force participation rate by sex and age -- ILO modelled estimates, Nov. 2025 (%)","Male","Age (Aggregate bands): 55-64","2019",84.033,
"Sub-Saharan Africa","ILO - Modelled Estimates","Labour force participation rate by sex and age -- ILO modelled estimates, Nov. 2025 (%)","Male","Age (Aggregate bands): 65+","2019",59.572,
"Sub-Saharan Africa","ILO - Modelled Estimates","Labour force participation rate by sex and age -- ILO modelled estimates, Nov. 2025 (%)","Female","Age (Aggregate bands): 15+","2019",64.458,
"Sub-Saharan Africa","ILO - Modelled Estimates","Labour force participation rate by sex and age -- ILO modelled estimates, Nov. 2025 (%)","Female","Age (Aggregate bands): 15-24","2019",48.645,
"Sub-Saharan Africa","ILO - Modelled Estimates","Labour force participation rate by sex and age -- ILO modelled estimates, Nov. 2025 (%)","Female","Age (Aggregate bands): 25-54","2019",76.598,
"Sub-Saharan Africa","ILO - Modelled Estimates","Labour force participation rate by sex and age -- ILO modelled estimates, Nov. 2025 (%)","Female","Age (Aggregate bands): 55-64","2019",67.606,
"Sub-Saharan Africa","ILO - Modelled Estimates","Labour force participation rate by sex and age -- ILO modelled estimates, Nov. 2025 (%)","Female","Age (Aggregate bands): 65+","2019",40.838,
"Sub-Saharan Africa","ILO - Modelled Estimates","Labour force participation rate by sex and age -- ILO modelled estimates, Nov. 2025 (%)","Total","Age (Youth, adults): 15+","2018",70.513,
"Sub-Saharan Africa","ILO - Modelled Estimates","Labour force participation rate by sex and age -- ILO modelled estimates, Nov. 2025 (%)","Total","Age (Youth, adults): 15-64","2018",71.706,
"Sub-Saharan Africa","ILO - Modelled Estimates","Labour force participation rate by sex and age -- ILO modelled estimates, Nov. 2025 (%)","Total","Age (Youth, adults): 15-24","2018",52.224,
"Sub-Saharan Africa","ILO - Modelled Estimates","Labour force participation rate by sex and age -- ILO modelled estimates, Nov. 2025 (%)","Total","Age (Youth, adults): 25+","2018",80.056,
"Sub-Saharan Africa","ILO - Modelled Estimates","Labour force participation rate by sex and age -- ILO modelled estimates, Nov. 2025 (%)","Male","Age (Youth, adults): 15+","2018",76.32,
"Sub-Saharan Africa","ILO - Modelled Estimates","Labour force participation rate by sex and age -- ILO modelled estimates, Nov. 2025 (%)","Male","Age (Youth, adults): 15-64","2018",77.143,
"Sub-Saharan Africa","ILO - Modelled Estimates","Labour force participation rate by sex and age -- ILO modelled estimates, Nov. 2025 (%)","Male","Age (Youth, adults): 15-24","2018",55,
"Sub-Saharan Africa","ILO - Modelled Estimates","Labour force participation rate by sex and age -- ILO modelled estimates, Nov. 2025 (%)","Male","Age (Youth, adults): 25+","2018",87.796,
"Sub-Saharan Africa","ILO - Modelled Estimates","Labour force participation rate by sex and age -- ILO modelled estimates, Nov. 2025 (%)","Female","Age (Youth, adults): 15+","2018",64.868,
"Sub-Saharan Africa","ILO - Modelled Estimates","Labour force participation rate by sex and age -- ILO modelled estimates, Nov. 2025 (%)","Female","Age (Youth, adults): 15-64","2018",66.356,
"Sub-Saharan Africa","ILO - Modelled Estimates","Labour force participation rate by sex and age -- ILO modelled estimates, Nov. 2025 (%)","Female","Age (Youth, adults): 15-24","2018",49.414,
"Sub-Saharan Africa","ILO - Modelled Estimates","Labour force participation rate by sex and age -- ILO modelled estimates, Nov. 2025 (%)","Female","Age (Youth, adults): 25+","2018",72.688,
"Sub-Saharan Africa","ILO - Modelled Estimates","Labour force participation rate by sex and age -- ILO modelled estimates, Nov. 2025 (%)","Total","Age (Aggregate bands): 15+","2018",70.513,
"Sub-Saharan Africa","ILO - Modelled Estimates","Labour force participation rate by sex and age -- ILO modelled estimates, Nov. 2025 (%)","Total","Age (Aggregate bands): 15-24","2018",52.224,
"Sub-Saharan Africa","ILO - Modelled Estimates","Labour force participation rate by sex and age -- ILO modelled estimates, Nov. 2025 (%)","Total","Age (Aggregate bands): 25-54","2018",83.731,
"Sub-Saharan Africa","ILO - Modelled Estimates","Labour force participation rate by sex and age -- ILO modelled estimates, Nov. 2025 (%)","Total","Age (Aggregate bands): 55-64","2018",75.309,
"Sub-Saharan Africa","ILO - Modelled Estimates","Labour force participation rate by sex and age -- ILO modelled estimates, Nov. 2025 (%)","Total","Age (Aggregate bands): 65+","2018",49.15,
"Sub-Saharan Africa","ILO - Modelled Estimates","Labour force participation rate by sex and age -- ILO modelled estimates, Nov. 2025 (%)","Male","Age (Aggregate bands): 15+","2018",76.32,
"Sub-Saharan Africa","ILO - Modelled Estimates","Labour force participation rate by sex and age -- ILO modelled estimates, Nov. 2025 (%)","Male","Age (Aggregate bands): 15-24","2018",55,
"Sub-Saharan Africa","ILO - Modelled Estimates","Labour force participation rate by sex and age -- ILO modelled estimates, Nov. 2025 (%)","Male","Age (Aggregate bands): 25-54","2018",90.714,
"Sub-Saharan Africa","ILO - Modelled Estimates","Labour force participation rate by sex and age -- ILO modelled estimates, Nov. 2025 (%)","Male","Age (Aggregate bands): 55-64","2018",84.14,
"Sub-Saharan Africa","ILO - Modelled Estimates","Labour force participation rate by sex and age -- ILO modelled estimates, Nov. 2025 (%)","Male","Age (Aggregate bands): 65+","2018",59.665,
"Sub-Saharan Africa","ILO - Modelled Estimates","Labour force participation rate by sex and age -- ILO modelled estimates, Nov. 2025 (%)","Female","Age (Aggregate bands): 15+","2018",64.868,
"Sub-Saharan Africa","ILO - Modelled Estimates","Labour force participation rate by sex and age -- ILO modelled estimates, Nov. 2025 (%)","Female","Age (Aggregate bands): 15-24","2018",49.414,
"Sub-Saharan Africa","ILO - Modelled Estimates","Labour force participation rate by sex and age -- ILO modelled estimates, Nov. 2025 (%)","Female","Age (Aggregate bands): 25-54","2018",76.882,
"Sub-Saharan Africa","ILO - Modelled Estimates","Labour force participation rate by sex and age -- ILO modelled estimates, Nov. 2025 (%)","Female","Age (Aggregate bands): 55-64","2018",67.574,
"Sub-Saharan Africa","ILO - Modelled Estimates","Labour force participation rate by sex and age -- ILO modelled estimates, Nov. 2025 (%)","Female","Age (Aggregate bands): 65+","2018",40.911,
"Sub-Saharan Africa","ILO - Modelled Estimates","Labour force participation rate by sex and age -- ILO modelled estimates, Nov. 2025 (%)","Total","Age (Youth, adults): 15+","2017",70.82,
"Sub-Saharan Africa","ILO - Modelled Estimates","Labour force participation rate by sex and age -- ILO modelled estimates, Nov. 2025 (%)","Total","Age (Youth, adults): 15-64","2017",72.032,
"Sub-Saharan Africa","ILO - Modelled Estimates","Labour force participation rate by sex and age -- ILO modelled estimates, Nov. 2025 (%)","Total","Age (Youth, adults): 15-24","2017",52.948,
"Sub-Saharan Africa","ILO - Modelled Estimates","Labour force participation rate by sex and age -- ILO modelled estimates, Nov. 2025 (%)","Total","Age (Youth, adults): 25+","2017",80.176,
"Sub-Saharan Africa","ILO - Modelled Estimates","Labour force participation rate by sex and age -- ILO modelled estimates, Nov. 2025 (%)","Male","Age (Youth, adults): 15+","2017",76.519,
"Sub-Saharan Africa","ILO - Modelled Estimates","Labour force participation rate by sex and age -- ILO modelled estimates, Nov. 2025 (%)","Male","Age (Youth, adults): 15-64","2017",77.347,
"Sub-Saharan Africa","ILO - Modelled Estimates","Labour force participation rate by sex and age -- ILO modelled estimates, Nov. 2025 (%)","Male","Age (Youth, adults): 15-24","2017",55.568,
"Sub-Saharan Africa","ILO - Modelled Estimates","Labour force participation rate by sex and age -- ILO modelled estimates, Nov. 2025 (%)","Male","Age (Youth, adults): 25+","2017",87.841,
"Sub-Saharan Africa","ILO - Modelled Estimates","Labour force participation rate by sex and age -- ILO modelled estimates, Nov. 2025 (%)","Female","Age (Youth, adults): 15+","2017",65.284,
"Sub-Saharan Africa","ILO - Modelled Estimates","Labour force participation rate by sex and age -- ILO modelled estimates, Nov. 2025 (%)","Female","Age (Youth, adults): 15-64","2017",66.809,
"Sub-Saharan Africa","ILO - Modelled Estimates","Labour force participation rate by sex and age -- ILO modelled estimates, Nov. 2025 (%)","Female","Age (Youth, adults): 15-24","2017",50.296,
"Sub-Saharan Africa","ILO - Modelled Estimates","Labour force participation rate by sex and age -- ILO modelled estimates, Nov. 2025 (%)","Female","Age (Youth, adults): 25+","2017",72.89,
"Sub-Saharan Africa","ILO - Modelled Estimates","Labour force participation rate by sex and age -- ILO modelled estimates, Nov. 2025 (%)","Total","Age (Aggregate bands): 15+","2017",70.82,
"Sub-Saharan Africa","ILO - Modelled Estimates","Labour force participation rate by sex and age -- ILO modelled estimates, Nov. 2025 (%)","Total","Age (Aggregate bands): 15-24","2017",52.948,
"Sub-Saharan Africa","ILO - Modelled Estimates","Labour force participation rate by sex and age -- ILO modelled estimates, Nov. 2025 (%)","Total","Age (Aggregate bands): 25-54","2017",83.887,
"Sub-Saharan Africa","ILO - Modelled Estimates","Labour force participation rate by sex and age -- ILO modelled estimates, Nov. 2025 (%)","Total","Age (Aggregate bands): 55-64","2017",75.234,
"Sub-Saharan Africa","ILO - Modelled Estimates","Labour force participation rate by sex and age -- ILO modelled estimates, Nov. 2025 (%)","Total","Age (Aggregate bands): 65+","2017",49.04,
"Sub-Saharan Africa","ILO - Modelled Estimates","Labour force participation rate by sex and age -- ILO modelled estimates, Nov. 2025 (%)","Male","Age (Aggregate bands): 15+","2017",76.519,
"Sub-Saharan Africa","ILO - Modelled Estimates","Labour force participation rate by sex and age -- ILO modelled estimates, Nov. 2025 (%)","Male","Age (Aggregate bands): 15-24","2017",55.568,
"Sub-Saharan Africa","ILO - Modelled Estimates","Labour force participation rate by sex and age -- ILO modelled estimates, Nov. 2025 (%)","Male","Age (Aggregate bands): 25-54","2017",90.744,
"Sub-Saharan Africa","ILO - Modelled Estimates","Labour force participation rate by sex and age -- ILO modelled estimates, Nov. 2025 (%)","Male","Age (Aggregate bands): 55-64","2017",84.233,
"Sub-Saharan Africa","ILO - Modelled Estimates","Labour force participation rate by sex and age -- ILO modelled estimates, Nov. 2025 (%)","Male","Age (Aggregate bands): 65+","2017",59.751,
"Sub-Saharan Africa","ILO - Modelled Estimates","Labour force participation rate by sex and age -- ILO modelled estimates, Nov. 2025 (%)","Female","Age (Aggregate bands): 15+","2017",65.284,
"Sub-Saharan Africa","ILO - Modelled Estimates","Labour force participation rate by sex and age -- ILO modelled estimates, Nov. 2025 (%)","Female","Age (Aggregate bands): 15-24","2017",50.296,
"Sub-Saharan Africa","ILO - Modelled Estimates","Labour force participation rate by sex and age -- ILO modelled estimates, Nov. 2025 (%)","Female","Age (Aggregate bands): 25-54","2017",77.174,
"Sub-Saharan Africa","ILO - Modelled Estimates","Labour force participation rate by sex and age -- ILO modelled estimates, Nov. 2025 (%)","Female","Age (Aggregate bands): 55-64","2017",67.374,
"Sub-Saharan Africa","ILO - Modelled Estimates","Labour force participation rate by sex and age -- ILO modelled estimates, Nov. 2025 (%)","Female","Age (Aggregate bands): 65+","2017",40.637,
"Sub-Saharan Africa","ILO - Modelled Estimates","Labour force participation rate by sex and age -- ILO modelled estimates, Nov. 2025 (%)","Total","Age (Youth, adults): 15+","2016",71.34,
"Sub-Saharan Africa","ILO - Modelled Estimates","Labour force participation rate by sex and age -- ILO modelled estimates, Nov. 2025 (%)","Total","Age (Youth, adults): 15-64","2016",72.569,
"Sub-Saharan Africa","ILO - Modelled Estimates","Labour force participation rate by sex and age -- ILO modelled estimates, Nov. 2025 (%)","Total","Age (Youth, adults): 15-24","2016",53.873,
"Sub-Saharan Africa","ILO - Modelled Estimates","Labour force participation rate by sex and age -- ILO modelled estimates, Nov. 2025 (%)","Total","Age (Youth, adults): 25+","2016",80.516,
"Sub-Saharan Africa","ILO - Modelled Estimates","Labour force participation rate by sex and age -- ILO modelled estimates, Nov. 2025 (%)","Male","Age (Youth, adults): 15+","2016",77.01,
"Sub-Saharan Africa","ILO - Modelled Estimates","Labour force participation rate by sex and age -- ILO modelled estimates, Nov. 2025 (%)","Male","Age (Youth, adults): 15-64","2016",77.844,
"Sub-Saharan Africa","ILO - Modelled Estimates","Labour force participation rate by sex and age -- ILO modelled estimates, Nov. 2025 (%)","Male","Age (Youth, adults): 15-24","2016",56.491,
"Sub-Saharan Africa","ILO - Modelled Estimates","Labour force participation rate by sex and age -- ILO modelled estimates, Nov. 2025 (%)","Male","Age (Youth, adults): 25+","2016",88.143,
"Sub-Saharan Africa","ILO - Modelled Estimates","Labour force participation rate by sex and age -- ILO modelled estimates, Nov. 2025 (%)","Female","Age (Youth, adults): 15+","2016",65.836,
"Sub-Saharan Africa","ILO - Modelled Estimates","Labour force participation rate by sex and age -- ILO modelled estimates, Nov. 2025 (%)","Female","Age (Youth, adults): 15-64","2016",67.389,
"Sub-Saharan Africa","ILO - Modelled Estimates","Labour force participation rate by sex and age -- ILO modelled estimates, Nov. 2025 (%)","Female","Age (Youth, adults): 15-24","2016",51.224,
"Sub-Saharan Africa","ILO - Modelled Estimates","Labour force participation rate by sex and age -- ILO modelled estimates, Nov. 2025 (%)","Female","Age (Youth, adults): 25+","2016",73.274,
"Sub-Saharan Africa","ILO - Modelled Estimates","Labour force participation rate by sex and age -- ILO modelled estimates, Nov. 2025 (%)","Total","Age (Aggregate bands): 15+","2016",71.34,
"Sub-Saharan Africa","ILO - Modelled Estimates","Labour force participation rate by sex and age -- ILO modelled estimates, Nov. 2025 (%)","Total","Age (Aggregate bands): 15-24","2016",53.873,
"Sub-Saharan Africa","ILO - Modelled Estimates","Labour force participation rate by sex and age -- ILO modelled estimates, Nov. 2025 (%)","Total","Age (Aggregate bands): 25-54","2016",84.286,
"Sub-Saharan Africa","ILO - Modelled Estimates","Labour force participation rate by sex and age -- ILO modelled estimates, Nov. 2025 (%)","Total","Age (Aggregate bands): 55-64","2016",75.201,
"Sub-Saharan Africa","ILO - Modelled Estimates","Labour force participation rate by sex and age -- ILO modelled estimates, Nov. 2025 (%)","Total","Age (Aggregate bands): 65+","2016",49.23,
"Sub-Saharan Africa","ILO - Modelled Estimates","Labour force participation rate by sex and age -- ILO modelled estimates, Nov. 2025 (%)","Male","Age (Aggregate bands): 15+","2016",77.01,
"Sub-Saharan Africa","ILO - Modelled Estimates","Labour force participation rate by sex and age -- ILO modelled estimates, Nov. 2025 (%)","Male","Age (Aggregate bands): 15-24","2016",56.491,
"Sub-Saharan Africa","ILO - Modelled Estimates","Labour force participation rate by sex and age -- ILO modelled estimates, Nov. 2025 (%)","Male","Age (Aggregate bands): 25-54","2016",91.061,
"Sub-Saharan Africa","ILO - Modelled Estimates","Labour force participation rate by sex and age -- ILO modelled estimates, Nov. 2025 (%)","Male","Age (Aggregate bands): 55-64","2016",84.343,
"Sub-Saharan Africa","ILO - Modelled Estimates","Labour force participation rate by sex and age -- ILO modelled estimates, Nov. 2025 (%)","Male","Age (Aggregate bands): 65+","2016",60.136,
"Sub-Saharan Africa","ILO - Modelled Estimates","Labour force participation rate by sex and age -- ILO modelled estimates, Nov. 2025 (%)","Female","Age (Aggregate bands): 15+","2016",65.836,
"Sub-Saharan Africa","ILO - Modelled Estimates","Labour force participation rate by sex and age -- ILO modelled estimates, Nov. 2025 (%)","Female","Age (Aggregate bands): 15-24","2016",51.224,
"Sub-Saharan Africa","ILO - Modelled Estimates","Labour force participation rate by sex and age -- ILO modelled estimates, Nov. 2025 (%)","Female","Age (Aggregate bands): 25-54","2016",77.659,
"Sub-Saharan Africa","ILO - Modelled Estimates","Labour force participation rate by sex and age -- ILO modelled estimates, Nov. 2025 (%)","Female","Age (Aggregate bands): 55-64","2016",67.227,
"Sub-Saharan Africa","ILO - Modelled Estimates","Labour force participation rate by sex and age -- ILO modelled estimates, Nov. 2025 (%)","Female","Age (Aggregate bands): 65+","2016",40.662,
